﻿{"data":[{"id":"1","name":"苹果园"},{"id":"2","name":"古城"},{"id":"3","name":"八角游乐园"},{"id":"4","name":"八宝山"},{"id":"5","name":"玉泉路"},{"id":"6","name":"五棵松"},{"id":"7","name":"万寿路"},{"id":"8","name":"公主坟"},{"id":"9","name":"军事博物馆"},{"id":"10","name":"木樨地"},{"id":"11","name":"南礼士路"},{"id":"12","name":"复兴门"},{"id":"13","name":"西单"},{"id":"14","name":"天安门西"},{"id":"15","name":"天安门东"},{"id":"16","name":"王府井"},{"id":"17","name":"东单"},{"id":"18","name":"建国门"},{"id":"19","name":"永安里"},{"id":"20","name":"国贸"},{"id":"21","name":"大望路"},{"id":"22","name":"四惠"},{"id":"23","name":"四惠东"}]}