﻿{"data":[{"id":"24","name":"西直门"},{"id":"25","name":"积水潭"},{"id":"26","name":"鼓楼大街"},{"id":"27","name":"安定门"},{"id":"28","name":"雍和宫"},{"id":"29","name":"东直门"},{"id":"30","name":"东四十条"},{"id":"31","name":"朝阳门"},{"id":"32","name":"建国门"},{"id":"33","name":"北京站"},{"id":"34","name":"崇文门"},{"id":"35","name":"前门"},{"id":"36","name":"和平门"},{"id":"37","name":"宣武门"},{"id":"38","name":"长椿街"},{"id":"39","name":"复兴门"},{"id":"40","name":"阜成门"},{"id":"41","name":"车公庄"}]}