﻿{"data":[{"id":"42","name":"安河桥北"},{"id":"43","name":"北宫门"},{"id":"44","name":"西苑"},{"id":"45","name":"圆明园"},{"id":"46","name":"北京大学东门"},{"id":"47","name":"中关村"},{"id":"48","name":"海淀黄庄"},{"id":"49","name":"人民大学"},{"id":"50","name":"魏公村"},{"id":"51","name":"国家图书馆"},{"id":"52","name":"动物园"},{"id":"53","name":"西直门"},{"id":"54","name":"新街口"},{"id":"55","name":"平安里"},{"id":"56","name":"西四"},{"id":"57","name":"灵境胡同"},{"id":"58","name":"西单"},{"id":"59","name":"宣武门"},{"id":"60","name":"菜市口"},{"id":"61","name":"陶然亭"},{"id":"62","name":"北京南站"},{"id":"63","name":"马家堡"},{"id":"64","name":"角门西"},{"id":"65","name":"公益西桥"}]}