﻿{"data":[{"id":"66","name":"宋家庄"},{"id":"67","name":"刘家窑"},{"id":"68","name":"蒲黄榆"},{"id":"69","name":"天坛东门"},{"id":"70","name":"磁器口"},{"id":"71","name":"崇文门"},{"id":"72","name":"东单"},{"id":"73","name":"灯市口"},{"id":"74","name":"东四"},{"id":"75","name":"张自忠路"},{"id":"76","name":"北新桥"},{"id":"77","name":"雍和宫"},{"id":"78","name":"和平里北街"},{"id":"79","name":"和平西桥"},{"id":"80","name":"惠新西街南口"},{"id":"81","name":"惠新西街北口"},{"id":"82","name":"大屯路东"},{"id":"83","name":"北苑路北"},{"id":"84","name":"立水桥南"},{"id":"85","name":"立水桥"},{"id":"86","name":"天通苑南"},{"id":"87","name":"天通苑"},{"id":"88","name":"天通苑北"}]}