﻿{"data":[{"id":"89","name":"海淀五路居"},{"id":"90","name":"慈寿寺"},{"id":"91","name":"花园桥"},{"id":"92","name":"白石桥南"},{"id":"93","name":"车公庄西"},{"id":"94","name":"车公庄"},{"id":"95","name":"平安里"},{"id":"96","name":"北海北"},{"id":"97","name":"南锣鼓巷"},{"id":"98","name":"东四"},{"id":"99","name":"朝阳门"},{"id":"100","name":"东大桥"},{"id":"101","name":"呼家楼"},{"id":"102","name":"金台路"},{"id":"103","name":"十里堡"},{"id":"104","name":"青年路"},{"id":"105","name":"褡裢坡"},{"id":"106","name":"黄渠"},{"id":"107","name":"常营"},{"id":"108","name":"草房"}]}