﻿{"data":[{"id":"109","name":"朱辛庄"},{"id":"110","name":"育知路"},{"id":"111","name":"平西府"},{"id":"112","name":"回龙观东大街"},{"id":"113","name":"霍营"},{"id":"114","name":"育新"},{"id":"115","name":"西小口"},{"id":"116","name":"永泰庄"},{"id":"117","name":"林萃桥"},{"id":"118","name":"森林公园南门"},{"id":"119","name":"奥林匹克公园"},{"id":"120","name":"奥体中心"},{"id":"121","name":"北土城"},{"id":"122","name":"安华桥"},{"id":"123","name":"鼓楼大街"},{"id":"124","name":"什刹海"},{"id":"125","name":"南锣鼓巷"}]}