﻿{"data":[{"id":"139","name":"巴沟"},{"id":"140","name":"苏州街"},{"id":"141","name":"海淀黄庄"},{"id":"142","name":"知春里"},{"id":"143","name":"知春路"},{"id":"144","name":"西土城"},{"id":"145","name":"牡丹园"},{"id":"146","name":"健德门"},{"id":"147","name":"北土城"},{"id":"148","name":"安贞门"},{"id":"149","name":"惠新西街南口"},{"id":"150","name":"芍药居"},{"id":"151","name":"太阳宫"},{"id":"152","name":"三元桥"},{"id":"153","name":"亮马桥"},{"id":"154","name":"农业展览馆"},{"id":"155","name":"团结湖"},{"id":"156","name":"呼家楼"},{"id":"157","name":"金台夕照"},{"id":"158","name":"国贸"},{"id":"159","name":"双井"},{"id":"160","name":"劲松"},{"id":"161","name":"潘家园"},{"id":"162","name":"十里河"},{"id":"163","name":"分钟寺"},{"id":"164","name":"成寿寺"},{"id":"165","name":"宋家庄"},{"id":"166","name":"石榴庄"},{"id":"167","name":"大红门"},{"id":"168","name":"角门东"},{"id":"169","name":"角门西"},{"id":"170","name":"草桥"},{"id":"171","name":"纪家庙"},{"id":"172","name":"首经贸"},{"id":"173","name":"丰台站"},{"id":"174","name":"泥洼"},{"id":"175","name":"西局"},{"id":"176","name":"六里桥"},{"id":"177","name":"莲花桥"},{"id":"178","name":"公主坟"},{"id":"179","name":"西钓鱼台"},{"id":"180","name":"慈寿寺"},{"id":"181","name":"车道沟"},{"id":"182","name":"长春桥"},{"id":"183","name":"火器营"}]}