﻿{"data":[{"id":"184","name":"西直门"},{"id":"185","name":"大钟寺"},{"id":"186","name":"知春路"},{"id":"187","name":"五道口"},{"id":"188","name":"上地"},{"id":"189","name":"西二旗"},{"id":"190","name":"龙泽"},{"id":"191","name":"回龙观"},{"id":"192","name":"霍营"},{"id":"193","name":"立水桥"},{"id":"194","name":"北苑"},{"id":"195","name":"望京西"},{"id":"196","name":"芍药居"},{"id":"197","name":"光熙门"},{"id":"198","name":"柳芳"},{"id":"199","name":"东直门"}]}