{
    "title": {
        "text": "双Y轴",
        "style": {
            "font": "bolder 14px '微软雅黑','宋体',Arial",
            "color": "#3d4249"
        }
    },
    "plotOptions": {
        "column": {
            "dataLabels": {
                "enabled": true
            }
        }
    },
    "xAxis": {
        "categories": ["Jan", "Feb", "Mar", "Apr", "May", "Jun", "Jul", "Aug", "Sep", "Oct", "Nov", "Dec"]
    },
    "yAxis": [{
        "title": {
            "text": "Right"
        },
        "lineWidth": 1
    },
    {
        "title": {
            "text": "Center"
        },
        "lineWidth": 1,
        "opposite": true
    }],
    "series": [{
        "type": "column",
        "data": [1, 2, 3, 4, 5, 6, 7, 8, 9],
        "name": "Right",
        "yAxis": 0
    },
    {
        "type": "line",
        "data": [400, 100, 500, 800, 700, 1000, 1300, 1100, 1100],
        "yAxis": 1,
        "name": "Center"
    }]
}