﻿{
    "totalCount": 13,
    "totalPages": 2,
    "page": 0,
    "items": [{
    	"id": 0,
        "name": "张三",
        "sex": "0",
        "favorite": ["体育", "文学"],
        "telephone": "13511422361"
    },
    {
    	"id": 1,
        "name": "李四",
        "sex": "1",
        "favorite": ["文学"],
        "telephone": "13511422361"
    },
    {
    	"id": 2,
        "name": "王五",
        "sex": "0",
        "favorite": ["体育"],
        "telephone": "13511422361"
    },
    {
    	"id": 3,
        "name": "Jerry",
        "sex": "0",
        "favorite": ["科学"],
        "telephone": "13511422361"
    },
    {
    	"id": 4,
        "name": "Tom",
        "sex": "0",
        "favorite": ["文学"],
        "telephone": "13511422361"
    },
    {
    	"id": 5,
        "name": "李四",
        "sex": "1",
        "favorite": ["文学"],
        "telephone": "13511422361"
    },
    {
    	"id": 6,
        "name": "王五",
        "sex": "0",
        "favorite": ["体育"],
        "telephone": "13511422361"
    },
    {
    	"id": 7,
        "name": "Jerry",
        "sex": "0",
        "favorite": ["科学"],
        "telephone": "13511422361"
    },
    {
    	"id": 8,
        "name": "Tom",
        "sex": "0",
        "favorite": ["文学"],
        "telephone": "13511422361"
    },
    {
    	"id": 9,
        "name": "李四",
        "sex": "1",
        "favorite": ["文学"],
        "telephone": "13511422361"
    },
    {
    	"id": 10,
        "name": "王五",
        "sex": "0",
        "favorite": ["体育"],
        "telephone": "13511422361"
    },
    {
    	"id": 11,
        "name": "Jerry",
        "sex": "0",
        "favorite": ["科学"],
        "telephone": "13511422361"
    },
    {
    	"id": 12,
        "name": "Tom",
        "sex": "0",
        "favorite": ["文学"],
        "telephone": "13511422361"
    }]
}