{
    "totalCount": 4,
    "totalPages": 1,
    "page": 0,
    "count": 4,
    "items": [{
        "simNumber": "524177",
        "locateId": "150",
        "address": "\"北京市海淀区;西三环北路辅路-厂洼街交叉路口;宝岛眼镜,久凌大厦附近\"",
        "isOnline": "0",
        "bindName": "范志玲",
        "bindType": "0",
        "bindPhone": "18801168922",
        "dpName": "产品部",
        "locateTime": "2013-07-29 17:59:30",
        "isAttention": "0",
        "companyName": "上海久友科技有限公司",
        "position": "116.31597439236111,39.95446804470486"
    },
    {
        "simNumber": "320331",
        "locateId": "10",
        "address": "\"北京市朝阳区;酒仙桥路-酒仙桥中路交叉路口;北京三峡招商大厦,乐天玛特附近\"",
        "isOnline": "0",
        "bindName": "京H11100",
        "bindType": "1",
        "bindPhone": "15901397768",
        "dpName": "产品部",
        "locateTime": "2013-01-06 09:42:27",
        "isAttention": "1",
        "companyName": "上海久友科技有限公司",
        "position": "116.4949050564236,39.977625596788194"
    },
    {
        "simNumber": "320339",
        "locateId": "151",
        "address": "\"北京市朝阳区;酒仙桥路-酒仙桥中路交叉路口;乐天玛特,恒通广厦(西门)附近\"",
        "isOnline": "0",
        "bindName": "顺风8号",
        "bindType": "2",
        "bindPhone": "15901397768",
        "dpName": "市场部",
        "locateTime": "2013-01-05 17:33:01",
        "isAttention": "1",
        "companyName": "上海久友科技有限公司",
        "position": "116.49564127604167,39.9777281358507"
    },
    {
        "simNumber": "320338",
        "locateId": "101",
        "address": "\"北京市朝阳区;酒仙桥路-酒仙桥中路交叉路口;乐天玛特,恒通广厦(西门)附近\"",
        "isOnline": "0",
        "bindName": "李雪",
        "bindType": "0",
        "bindPhone": "18801168922",
        "dpName": "市场部",
        "locateTime": "2013-01-05 17:32:52",
        "isAttention": "0",
        "companyName": "上海久友科技有限公司",
        "position": "116.49567816840278,39.977681206597225"
    }]
}