[  
    {"id":"101","name":"组件库","remark":"展示所有静态和动态资源","submenu":[
        {"id":"101000","name":"面板","remark":"包括图表、表格","url":"/deco12/demo/style/ui.dashboard.grid.html","tclass":"组件库"},
        {"id":"101001","name":"表单页","remark":"包括弹出表单、多栏表单","url":"/deco12/demo/style/ui.form.html","tclass":"组件库"},
        {"id":"101002","name":"表单页(grid)","remark":"包括弹出表单、多栏表单","url":"/deco12/demo/style/ui.form.grid.960.html","tclass":"组件库"},
        {"id":"101003","name":"表格页","remark":"包括简单表格、复杂表格","url":"/deco12/demo/style/ui.table.html","tclass":"组件库"},
        {"id":"101004","name":"图表页","remark":"包括线形图、柱状图、饼图","url":"/deco12/demo/style/ui.charting.html","tclass":"组件库"},
        {"id":"101005","name":"界面元素页","remark":"包括按钮、分页、提示信息、icon","url":"/deco12/demo/style/ui.element.html","tclass":"组件库"},
        {"id":"101006","name":"详细信息页","remark":"详细信息的展示页","url":"/deco12/demo/style/ui-showdetail.grid.html","tclass":"组件库"},
        {"id":"101007","name":"数据展示页(上下)","remark":"表格以及详细信息展示页","url":"/deco12/demo/style/all.grid.html","tclass":"组件库"},
        {"id":"101008","name":"数据展示页(左右)","remark":"表格以及详细信息展示页","url":"/deco12/demo/style/all-lr.grid.html","tclass":"组件库"},
        {"id":"101009","name":"可编辑元素","remark":"可编辑元素","url":"/deco12/demo/style/ui.editable.grid.html","tclass":"组件库"},
        {"id":"101010","name":"地图页","remark":"地图","url":"/deco12/demo/style/ui.map.html","tclass":"组件库"}
        
    ],"url":""},
    {"id":"102","name":"样例库","remark":"前台组件测试","submenu":[
        {"id":"102002","name":"员工管理","remark":"","url":"/deco12/demo/scene/emp/list.html","tclass":"样例库"},
        {"id":"102003","name":"系统配置","remark":"","url":"/deco12/demo/scene/smb/config.html","tclass":"样例库"},
        {"id":"102004","name":"车辆管理（中小企业）","remark":"","url":"/deco12/demo/scene/smb/vehicle.html","tclass":"样例库"},
        {"id":"102005","name":"车队信息（红河谷）","remark":"","url":"/deco12/demo/scene/team/list.html","tclass":"样例库"}
    ],"url":""},
    {"id":"107","name":"API","remark":"","url":"/deco12/demo/version.html"},
       {"id":"100","name":"组件示例","remark":"前台组件测试","submenu":[
        {"id":"100016","name":"输入框","remark":"","url":"/deco12/demo/widget/ui.input.html","tclass":"组件及API"},
        {"id":"100015","name":"日历选择框","remark":"","url":"/deco12/demo/widget/ui.dateinput.html","tclass":"组件及API"},
        {"id":"100001","name":"可输入下拉框","remark":"","url":"/deco12/demo/widget/ui.autocomplete.html","tclass":"组件及API"},
        {"id":"100002","name":"提示输入框","remark":"","url":"/deco12/demo/widget/ui.autocombo.html","tclass":"组件及API"},
        {"id":"100003","name":"下拉框","remark":"","url":"/deco12/demo/widget/ui.select.html","tclass":"组件及API"},
        {"id":"100004","name":"单选框","remark":"","url":"/deco12/demo/widget/ui.radio.html","tclass":"组件及API"},
        {"id":"100005","name":"复选框","remark":"","url":"/deco12/demo/widget/ui.checkbox.html","tclass":"组件及API"},
        {"id":"100006","name":"按钮","remark":"","url":"/deco12/demo/widget/ui.button.html","tclass":"组件及API"},
        {"id":"100007","name":"表单","remark":"","url":"/deco12/demo/widget/ui.form.html","tclass":"组件及API"},
        {"id":"100009","name":"对话框","remark":"","url":"/deco12/demo/widget/ui.dialog.popup.html","tclass":"组件及API"},
        {"id":"100010","name":"多媒体文本编辑器","remark":"","url":"/deco12/demo/widget/ui.mediaarea.html","tclass":"组件及API"},
        {"id":"100011","name":"简单表格","remark":"","url":"/deco12/demo/widget/ui.simpletable.html","tclass":"组件及API"},
        {"id":"100012","name":"复杂表格","remark":"","url":"/deco12/demo/widget/ui.flexgrid.html","tclass":"组件及API"},
        {"id":"100013","name":"图表组件","remark":"","url":"/deco12/demo/widget/ui.charting.html","tclass":"组件及API"},
        {"id":"100014","name":"上传组件","remark":"","url":"/deco12/demo/widget/ui.upload.html","tclass":"组件及API"},
        {"id":"100018","name":"上传图片组件","remark":"","url":"/deco12/demo/widget/ui.uploadimg.html","tclass":"组件及API"},
        {"id":"100017","name":"可编辑组件","remark":"","url":"/deco12/demo/widget/ui.editable.html","tclass":"组件及API"},
        {"id":"100019","name":"树形组件","remark":"","url":"/deco12/demo/widget/ui.tree.html","tclass":"组件及API"}
    ],"url":""},
    {"id":"103","name":"地图应用","submenu":[
        {"id":"103001","name":"定位/轨迹回放","remark":"","url":"/deco12/demo/maps/terminal-position.html","tclass":"地图应用"},
        {"id":"103002","name":"实时监控","remark":"","url":"/deco12/demo/maps/realtime-position.html","tclass":"地图应用"},
        {"id":"103003","name":"图层管理","remark":"","url":"/deco12/demo/maps/overlays-manage.html","tclass":"地图应用"}
    ],"url":""},
    {"id":"106","name":"组件应用","remark":"说明组件在各个项目中的使用情况","submenu":[
        {"id":"106001","name":"项目应用","remark":"","url":"/deco12/demo/app/list.html"},
        {"id":"106002","name":"浏览器覆盖","remark":"","url":"/deco12/demo/app/list1.html"}
    ],"url":""}
]