[  
    {"id":"08","name":"首页","remark":"","url":"/deco12/demo/app/list.html"},
    {"id":"09","name":"样式库","remark":"展示所有静态和动态资源","url":"","submenu":[
        {"id":"0901","name":"面板","remark":"包括图表、表格","url":"/deco12/demo/style/ui.dashboard.grid.html","tclass":"样式库"},
        {"id":"0902","name":"表单元素","remark":"包括图表、表格","tclass":"样式库","submenu":[
                     {"id":"090201","name":"表单页(grid)","remark":"包括弹出表单、多栏表单","url":"/deco12/demo/style/ui.form.grid.960.html","tclass":"样式库"},
                     {"id":"090202","name":"可编辑元素","remark":"可编辑元素","url":"/deco12/demo/style/ui.editable.grid.html","tclass":"样式库"}
         ]},
        {"id":"0903","name":"表格页","remark":"包括简单表格、复杂表格","url":"/deco12/demo/style/ui.table.html","tclass":"样式库"},
        {"id":"0904","name":"图表页","remark":"包括线形图、柱状图、饼图","url":"/deco12/demo/style/ui.charting.html","tclass":"样式库"},
        {"id":"0905","name":"界面元素页","remark":"包括按钮、分页、提示信息、icon","url":"/deco12/demo/style/ui.element.html","tclass":"样式库"},
        {"id":"0906","name":"元素组合","remark":"包括图表、表格","tclass":"样式库","submenu":[
                 {"id":"090601","name":"详细信息页","remark":"详细信息的展示页","url":"/deco12/demo/style/ui-showdetail.grid.html","tclass":"样式库"},
                 {"id":"090602","name":"数据展示页(上下)","remark":"表格以及详细信息展示页","url":"/deco12/demo/style/all.grid.html","tclass":"样式库"},
                 {"id":"090603","name":"数据展示页(左右)","remark":"表格以及详细信息展示页","url":"/deco12/demo/style/all-lr.grid.html","tclass":"样式库"},
                 {"id":"090604","name":"地图页","remark":"地图","url":"/deco12/demo/style/ui.map.html","tclass":"样式库"} 
          ]},
          {"id":"0907","name":"页面布局","remark":"页面布局","tclass":"样式库","submenu":[
                 {"id":"090701","name":"grid layout","remark":"","url":"/deco12/demo/style/grid-layout.html","tclass":"样式库"},
                 {"id":"090702","name":"dock layout","remark":"","url":"/deco12/demo/style/dock-layout.html","tclass":"样式库"},
                 {"id":"090703","name":"瀑布流","remark":"","url":"/deco12/demo/style/waterfall-layout.html","tclass":"样式库"}
          ]} ,
          {"id":"0908","name":"登录页","remark":"登录页","tclass":"样式库","submenu":[
              {"id":"090801","name":"风格一","remark":"登录页","url":"/deco12/demo/login.html","tclass":"样式库","target":"blank"},
              {"id":"090802","name":"风格二","remark":"登录页","url":"/deco12/demo/login2.html","tclass":"样式库","target":"blank"}
          ]}
       ]},
       {"id":"20","name":"组件库","remark":"","submenu":[
       {"id":"202","name":"表单元素","remark":"前台组件测试","submenu":[
        {"id":"202016","name":"输入框","remark":"","url":"/deco12/demo/widget/ui.input.html","tclass":"表单元素"},
        {"id":"202015","name":"日历选择框","remark":"","url":"/deco12/demo/widget/ui.dateinput.html","tclass":"表单元素"},
        {"id":"202001","name":"可输入下拉框","remark":"","url":"/deco12/demo/widget/ui.autocomplete.html","tclass":"表单元素"},
        {"id":"202002","name":"提示输入框","remark":"","url":"/deco12/demo/widget/ui.autocombo.html","tclass":"表单元素"},
        {"id":"202003","name":"下拉框","remark":"","url":"/deco12/demo/widget/ui.select.html","tclass":"表单元素"},
        {"id":"202004","name":"单选框","remark":"","url":"/deco12/demo/widget/ui.radio.html","tclass":"表单元素"},
        {"id":"202005","name":"复选框","remark":"","url":"/deco12/demo/widget/ui.checkbox.html","tclass":"表单元素"},
        {"id":"202006","name":"按钮","remark":"","url":"/deco12/demo/widget/ui.button.html","tclass":"表单元素"},
        {"id":"202010","name":"多媒体文本编辑器","remark":"","url":"/deco12/demo/widget/ui.mediaarea.html","tclass":"表单元素"},
        {"id":"202014","name":"上传组件","remark":"","url":"/deco12/demo/widget/ui.upload.html","tclass":"表单元素"},
        {"id":"202018","name":"上传图片组件","remark":"","url":"/deco12/demo/widget/ui.uploadimg.html","tclass":"表单元素"},
        {"id":"202017","name":"可编辑组件","remark":"","url":"/deco12/demo/widget/ui.editable.html","tclass":"表单元素"},
        {"id":"202019","name":"弹出框选择组件","remark":"","url":"/deco12/demo/widget/ui.itempicker.html","tclass":"表单元素"}
    ],"url":""},
        {"id":"204","name":"组合元素","remark":"","url":"/deco12/demo/widget/ui.form.html","submenu":[
             {"id":"204007","name":"表单","remark":"","url":"/deco12/demo/widget/ui.form.html","tclass":"组合元素"},
             {"id":"204009","name":"对话框","remark":"","url":"/deco12/demo/widget/ui.dialog.popup.html","tclass":"组合元素"},
             {"id":"204013","name":"图表组件","remark":"","url":"/deco12/demo/widget/ui.charting.html","tclass":"组合元素"},
             {"id":"204019","name":"树形组件","remark":"","url":"/deco12/demo/widget/ui.tree.html","tclass":"组合元素"},
             {"id":"204020","name":"标签组件","remark":"","url":"/deco12/demo/widget/ui.ctabs.html","tclass":"组合元素"},
             {"id":"204021","name":"多媒体相册组件","remark":"","url":"/deco12/demo/widget/ui.multimedia.html","tclass":"组合元素"}
    ]},
        
        {"id":"203","name":"表格","remark":"前台组件测试","submenu":[
            {"id":"203001","name":"简单表格","remark":"","url":"/deco12/demo/widget/ui.simpletable.html","tclass":"表格"},
            {"id":"203002","name":"复杂表格","remark":"","url":"/deco12/demo/widget/ui.flexgrid.html","tclass":"表格"},
            {"id":"203003","name":"表单表格","remark":"","url":"/deco12/demo/widget/ui.formtable.html","tclass":"表格"},
            
        ],"url":""}
        ,{"id":"205","name":"混合组件","remark":"","submenu":[
        	{"id":"205001","name":"时间轴组件","remark":"","url":"/deco12/demo/widget/ui.rangeSlider.html","tclass":"混合"},
        	{"id":"205002","name":"混合组件","remark":"","url":"/deco12/demo/widget/ui.hybird.html","tclass":"混合"}
        ],"url":""}
        
    ],"url":""},
    {"id":"10","name":"样例库","remark":"展示所有静态和动态资源","submenu":[
        {"id":"102","name":"基本信息管理","remark":"前台组件测试","submenu":[
            {"id":"102002","name":"员工管理","remark":"","url":"/deco12/demo/scene/emp/list.html","tclass":"样例库"},
            {"id":"102003","name":"系统配置","remark":"","url":"/deco12/demo/scene/smb/config.html","tclass":"样例库"},
            {"id":"102004","name":"大数据展示","remark":"","url":"/deco12/demo/scene/medfeeMonitor/list.html","tclass":"样例库"},
            {"id":"102005","name":"主机管理","remark":"","url":"/deco12/demo/scene/deploy.html","tclass":"样例库"}
        ],"url":""},
        {"id":"103","name":"车辆信息管理","remark":"前台组件测试","submenu":[
            {"id":"103004","name":"车辆管理（中小企业）","remark":"","url":"/deco12/demo/scene/smb/vehicle.html","tclass":"样例库"},
            {"id":"103005","name":"车队信息（红河谷）","remark":"","url":"/deco12/demo/scene/team/list.html","tclass":"样例库"}
        ],"url":""},
        {"id":"104","name":"地图应用","submenu":[
                {"id":"100401","name":"定位/轨迹回放","remark":"","url":"/deco12/demo/maps/terminal-position.html","tclass":"地图应用"},
                {"id":"100402","name":"实时监控","remark":"","url":"/deco12/demo/maps/realtime-position.html","tclass":"地图应用"},
                {"id":"100403","name":"图层管理","remark":"","url":"/deco12/demo/maps/overlays-manage.html","tclass":"地图应用"}
            ],"url":""}
        ],"url":""},
        
        {"id":"12","name":"dafmanager","remark":"展示所有静态和动态资源","submenu":[
              {"id":"1400","name":"拓扑发现","remark":"拓扑发现","submenu":[
              {"id":"14008","name":"操作记录","remark":"","url":"/deco12/demo/dafmanager/deploy/deployApplication.html"}
        ],"url":""},
        	 {"id":"1500","name":"服务管理","remark":"主机管理","submenu":[
              {"id":"15002","name":"WEB服务","remark":"","url":"/deco12/demo/dafmanager/web/index.html"},
		{"id":"15003","name":"ICE服务","remark":"","url":"/deco12/demo/dafmanager/detector/iceService.html"},
		{"id":"15004","name":"SCHEMA服务","remark":"","url":"/deco12/demo/dafmanager/detector/schema.html"}
        ],"url":""},
        	 {"id":"1600","name":"诊断","remark":"主机管理","submenu":[
			{"id":"16003","name":"运维操作记录查询","remark":"","url":"/deco12/demo/dafmanager/event/deployRecord.html"}		
        ],"url":""},
      		 {"id":"1100","name":"基础信息管理","remark":"基础信息管理","submenu":[
            	 {"id":"110001","name":"项目组管理","remark":"","url":"/deco12/demo/dafmanager/project/group.html"},
					{"id":"110002","name":"项目管理","remark":"","url":"/deco12/demo/dafmanager/project/project.html"}
          	],"url":""},
	         {"id":"1200","name":"设备发现","remark":"设备发现","submenu":[
				  {"id":"120001","name":"主机查询","remark":"","url":"/deco12/demo/dafmanager/host/host.html"}
	        ],"url":""}
        ],"url":""},
        
    {"id":"11","name":"API","remark":"","url":"/deco12/demo/version.html"}
]