[
{"latitude":"40.361576","longitude":" 116.560815","speed":  65  ,"message":"当前时速    65  公里/时"},
{"latitude":"40.362741","longitude":" 116.563927","speed":  71  ,"message":"当前时速    71  公里/时"},
{"latitude":"40.363448","longitude":" 116.567216","speed":  69  ,"message":"当前时速    69  公里/时"},
{"latitude":"40.363608","longitude":" 116.571217","speed":  65  ,"message":"当前时速    65  公里/时"},
{"latitude":"40.363503","longitude":" 116.574616","speed":  70  ,"message":"当前时速    70  公里/时"},
{"latitude":"40.36324 ","longitude":" 116.577306","speed":  20  ,"message":"当前时速    20  公里/时"},
{"latitude":"40.363251","longitude":" 116.578885","speed":  46  ,"message":"当前时速    46  公里/时"},
{"latitude":"40.363859","longitude":" 116.583805","speed":  65  ,"message":"当前时速    65  公里/时"},
{"latitude":"40.363914","longitude":" 116.585226","speed":  62  ,"message":"当前时速    62  公里/时"},
{"latitude":"40.364142","longitude":" 116.587905","speed":  53  ,"message":"当前时速    53  公里/时"},
{"latitude":"40.364125","longitude":" 116.590475","speed":  57  ,"message":"当前时速    57  公里/时"},
{"latitude":"40.363696","longitude":" 116.595071","speed":  42  ,"message":"当前时速    42  公里/时"},
{"latitude":"40.363464","longitude":" 116.596095","speed":  41  ,"message":"当前时速    41  公里/时"},
{"latitude":"40.362578","longitude":" 116.598599","speed":  61  ,"message":"当前时速    61  公里/时"},
{"latitude":"40.360903","longitude":" 116.600778","speed":  60  ,"message":"当前时速    60  公里/时"},
{"latitude":"40.358056","longitude":" 116.601477","speed":  64  ,"message":"当前时速    64  公里/时"},
{"latitude":"40.356001","longitude":" 116.602755","speed":  64  ,"message":"当前时速    64  公里/时"},
{"latitude":"40.354584","longitude":" 116.60518","speed":  62  ,"message":"当前时速    62  公里/时"},
{"latitude":"40.352892","longitude":" 116.607687","speed":  73  ,"message":"当前时速    73  公里/时"},
{"latitude":"40.350292","longitude":" 116.610028","speed":  61  ,"message":"当前时速    61  公里/时"},
{"latitude":"40.348315","longitude":" 116.611005","speed":  54  ,"message":"当前时速    54  公里/时"},
{"latitude":"40.34673 ","longitude":" 116.612059","speed":  44  ,"message":"当前时速    44  公里/时"},
{"latitude":"40.344982","longitude":" 116.61368","speed":  57  ,"message":"当前时速    57  公里/时"},
{"latitude":"40.343679","longitude":" 116.616336","speed":  57  ,"message":"当前时速    57  公里/时"},
{"latitude":"40.342517","longitude":" 116.618554","speed":  54  ,"message":"当前时速    54  公里/时"},
{"latitude":"40.340985","longitude":" 116.620642","speed":  55  ,"message":"当前时速    55  公里/时"},
{"latitude":"40.339667","longitude":" 116.622393","speed":  53  ,"message":"当前时速    53  公里/时"},
{"latitude":"40.337231","longitude":" 116.625694","speed":  39  ,"message":"当前时速    39  公里/时"},
{"latitude":"40.336851","longitude":" 116.62623","speed":  35  ,"message":"当前时速    35  公里/时"},
{"latitude":"40.33669 ","longitude":" 116.627728","speed":  29  ,"message":"当前时速    29  公里/时"},
{"latitude":"40.336168","longitude":" 116.629335","speed":  49  ,"message":"当前时速    49  公里/时"},
{"latitude":"40.336271","longitude":" 116.633103","speed":  61  ,"message":"当前时速    61  公里/时"},
{"latitude":"40.336004","longitude":" 116.634961","speed":  57  ,"message":"当前时速    57  公里/时"},
{"latitude":"40.335703","longitude":" 116.637179","speed":  40  ,"message":"当前时速    40  公里/时"},
{"latitude":"40.335183","longitude":" 116.639046","speed":  35  ,"message":"当前时速    35  公里/时"},
{"latitude":"40.335329","longitude":" 116.640186","speed":  32  ,"message":"当前时速    32  公里/时"},
{"latitude":"40.335339","longitude":" 116.642367","speed":  43  ,"message":"当前时速    43  公里/时"},
{"latitude":"40.335326","longitude":" 116.64418","speed":  29  ,"message":"当前时速    29  公里/时"},
{"latitude":"40.334651","longitude":" 116.64461","speed":  37  ,"message":"当前时速    37  公里/时"},
{"latitude":"40.331985","longitude":" 116.644672","speed":  64  ,"message":"当前时速    64  公里/时"},
{"latitude":"40.330021","longitude":" 116.644711","speed":  51  ,"message":"当前时速    51  公里/时"},
{"latitude":"40.328858","longitude":" 116.644725","speed":  3   ,"message":"当前时速    3   公里/时"},
{"latitude":"40.327893","longitude":" 116.644723","speed":  42  ,"message":"当前时速    42  公里/时"},
{"latitude":"40.326733","longitude":" 116.644785","speed":  10  ,"message":"当前时速    10  公里/时"},
{"latitude":"40.325664","longitude":" 116.644836","speed":  43  ,"message":"当前时速    43  公里/时"},
{"latitude":"40.324182","longitude":" 116.644868","speed":  18  ,"message":"当前时速    18  公里/时"}
]