{
	"totalCount" : 20,
	"totalPages" : 1,
	"page" : 0,
	"count" : 20,
	"items" : [{
				"LOCATEID" : "194231",
				"ADDRESS" : "山东省潍坊市安丘市;庵顶村,墨溪河附近",
				"LONGTITUDE" : "119.2641370985243",
				"LATITUDE" : "36.49297797309028",
				"ORIGINALLONGTITUD" : "",
				"ORIGINALLATITUDE" : "36.492769911",
				"POSITION" : "119.2641370985243,36.49297797309028",
				"COMPANYNAME" : "",
				"LOCATETIME" : "2013-03-22 16:58:33",
				"ISATTENTION" : "0",
				"SIMNUMBER" : "T95738"
			}, {
				"LOCATEID" : "194231",
				"ADDRESS" : "山东省潍坊市安丘市;庵顶村,墨溪河附近",
				"LONGTITUDE" : "119.2641370985243",
				"LATITUDE" : "36.49297797309028",
				"ORIGINALLONGTITUD" : "",
				"ORIGINALLATITUDE" : "36.492769911",
				"POSITION" : "119.2641370985243,36.49297797309028",
				"COMPANYNAME" : "",
				"LOCATETIME" : "2013-03-22 16:58:33",
				"ISATTENTION" : "0",
				"SIMNUMBER" : "T95738"
			}, {
				"LOCATEID" : "194231",
				"ADDRESS" : "山东省潍坊市安丘市;庵顶村,墨溪河附近",
				"LONGTITUDE" : "119.2641370985243",
				"LATITUDE" : "36.49297797309028",
				"ORIGINALLONGTITUD" : "",
				"ORIGINALLATITUDE" : "36.492769911",
				"POSITION" : "119.2641370985243,36.49297797309028",
				"COMPANYNAME" : "",
				"LOCATETIME" : "2013-03-22 16:58:33",
				"ISATTENTION" : "0",
				"SIMNUMBER" : "T95738"
			}, {
				"LOCATEID" : "194231",
				"ADDRESS" : "山东省潍坊市安丘市;庵顶村,墨溪河附近",
				"LONGTITUDE" : "119.2641370985243",
				"LATITUDE" : "36.49297797309028",
				"ORIGINALLONGTITUD" : "",
				"ORIGINALLATITUDE" : "36.492769911",
				"POSITION" : "119.2641370985243,36.49297797309028",
				"COMPANYNAME" : "",
				"LOCATETIME" : "2013-03-22 16:58:33",
				"ISATTENTION" : "0",
				"SIMNUMBER" : "T95738"
			}, {
				"LOCATEID" : "98520",
				"ADDRESS" : "广东省东莞市东莞市;同心路-裕兴路交叉路口;水排村,同心路附近",
				"LONGTITUDE" : "113.87304144965277",
				"LATITUDE" : "23.10280490451389",
				"ORIGINALLONGTITUD" : "",
				"ORIGINALLATITUDE" : "23.1056358507",
				"POSITION" : "113.87304144965277,23.10280490451389",
				"COMPANYNAME" : "",
				"LOCATETIME" : "2013-03-18 17:48:07",
				"ISATTENTION" : "0",
				"SIMNUMBER" : "T00027"
			}, {
				"LOCATEID" : "98520",
				"ADDRESS" : "广东省东莞市东莞市;同心路-裕兴路交叉路口;水排村,同心路附近",
				"LONGTITUDE" : "113.87304144965277",
				"LATITUDE" : "23.10280490451389",
				"ORIGINALLONGTITUD" : "",
				"ORIGINALLATITUDE" : "23.1056358507",
				"POSITION" : "113.87304144965277,23.10280490451389",
				"COMPANYNAME" : "",
				"LOCATETIME" : "2013-03-18 17:48:07",
				"ISATTENTION" : "0",
				"SIMNUMBER" : "T00027"
			}, {
				"LOCATEID" : "98520",
				"ADDRESS" : "广东省东莞市东莞市;同心路-裕兴路交叉路口;水排村,同心路附近",
				"LONGTITUDE" : "113.87304144965277",
				"LATITUDE" : "23.10280490451389",
				"ORIGINALLONGTITUD" : "",
				"ORIGINALLATITUDE" : "23.1056358507",
				"POSITION" : "113.87304144965277,23.10280490451389",
				"COMPANYNAME" : "",
				"LOCATETIME" : "2013-03-18 17:48:07",
				"ISATTENTION" : "0",
				"SIMNUMBER" : "T00027"
			}, {
				"LOCATEID" : "98520",
				"ADDRESS" : "广东省东莞市东莞市;同心路-裕兴路交叉路口;水排村,同心路附近",
				"LONGTITUDE" : "113.87304144965277",
				"LATITUDE" : "23.10280490451389",
				"ORIGINALLONGTITUD" : "",
				"ORIGINALLATITUDE" : "23.1056358507",
				"POSITION" : "113.87304144965277,23.10280490451389",
				"COMPANYNAME" : "",
				"LOCATETIME" : "2013-03-18 17:48:07",
				"ISATTENTION" : "0",
				"SIMNUMBER" : "T00027"
			}, {
				"LOCATEID" : "98520",
				"ADDRESS" : "广东省东莞市东莞市;同心路-裕兴路交叉路口;水排村,同心路附近",
				"LONGTITUDE" : "113.87304144965277",
				"LATITUDE" : "23.10280490451389",
				"ORIGINALLONGTITUD" : "",
				"ORIGINALLATITUDE" : "23.1056358507",
				"POSITION" : "113.87304144965277,23.10280490451389",
				"COMPANYNAME" : "",
				"LOCATETIME" : "2013-03-18 17:48:07",
				"ISATTENTION" : "0",
				"SIMNUMBER" : "T00027"
			}, {
				"LOCATEID" : "98520",
				"ADDRESS" : "广东省东莞市东莞市;同心路-裕兴路交叉路口;水排村,同心路附近",
				"LONGTITUDE" : "113.87304144965277",
				"LATITUDE" : "23.10280490451389",
				"ORIGINALLONGTITUD" : "",
				"ORIGINALLATITUDE" : "23.1056358507",
				"POSITION" : "113.87304144965277,23.10280490451389",
				"COMPANYNAME" : "",
				"LOCATETIME" : "2013-03-18 17:48:07",
				"ISATTENTION" : "0",
				"SIMNUMBER" : "T00027"
			}, {
				"LOCATEID" : "98521",
				"ADDRESS" : "广东省惠州市博罗县;兴园四路-兴园五路交叉路口;兴园四路,明记饭店(新都宾馆西)附近",
				"LONGTITUDE" : "113.9755712890625",
				"LATITUDE" : "23.12015082465278",
				"ORIGINALLONGTITUD" : "",
				"ORIGINALLATITUDE" : "23.1229050022",
				"POSITION" : "113.9755712890625,23.12015082465278",
				"COMPANYNAME" : "",
				"LOCATETIME" : "2013-03-18 17:29:56",
				"ISATTENTION" : "0",
				"SIMNUMBER" : "T00028"
			}, {
				"LOCATEID" : "98507",
				"ADDRESS" : "\"广东省江门市新会区;539县道-159乡道交叉路口;下马,北帝庙附近\"",
				"LONGTITUDE" : "112.88864474826389",
				"LATITUDE" : "22.4585009765625",
				"ORIGINALLONGTITUD" : "",
				"ORIGINALLATITUDE" : "22.461549",
				"POSITION" : "112.88864474826389,22.4585009765625",
				"COMPANYNAME" : "",
				"LOCATETIME" : "2013-03-13 10:56:41",
				"ISATTENTION" : "0",
				"SIMNUMBER" : "T00014"
			}, {
				"LOCATEID" : "98507",
				"ADDRESS" : "\"广东省江门市新会区;539县道-159乡道交叉路口;下马,北帝庙附近\"",
				"LONGTITUDE" : "112.88864474826389",
				"LATITUDE" : "22.4585009765625",
				"ORIGINALLONGTITUD" : "",
				"ORIGINALLATITUDE" : "22.461549",
				"POSITION" : "112.88864474826389,22.4585009765625",
				"COMPANYNAME" : "",
				"LOCATETIME" : "2013-03-13 10:56:41",
				"ISATTENTION" : "0",
				"SIMNUMBER" : "T00014"
			}, {
				"LOCATEID" : "159",
				"ADDRESS" : "\"北京市朝阳区;酒仙桥路-酒仙桥中路交叉路口;北京三峡招商大厦,恒通广厦(西门)附近\"",
				"LONGTITUDE" : "116.49547336154514",
				"LATITUDE" : "39.97777642144097",
				"ORIGINALLONGTITUD" : "",
				"ORIGINALLATITUDE" : "39.976527778",
				"POSITION" : "116.49547336154514,39.97777642144097",
				"COMPANYNAME" : "",
				"LOCATETIME" : "2012-12-10 15:57:17",
				"ISATTENTION" : "0",
				"SIMNUMBER" : "524178"
			}, {
				"LOCATEID" : "159",
				"ADDRESS" : "\"北京市朝阳区;酒仙桥路-酒仙桥中路交叉路口;北京三峡招商大厦,恒通广厦(西门)附近\"",
				"LONGTITUDE" : "116.49547336154514",
				"LATITUDE" : "39.97777642144097",
				"ORIGINALLONGTITUD" : "",
				"ORIGINALLATITUDE" : "39.976527778",
				"POSITION" : "116.49547336154514,39.97777642144097",
				"COMPANYNAME" : "",
				"LOCATETIME" : "2012-12-10 15:57:17",
				"ISATTENTION" : "0",
				"SIMNUMBER" : "524178"
			}, {
				"LOCATEID" : "159",
				"ADDRESS" : "\"北京市朝阳区;酒仙桥路-酒仙桥中路交叉路口;北京三峡招商大厦,恒通广厦(西门)附近\"",
				"LONGTITUDE" : "116.49547336154514",
				"LATITUDE" : "39.97777642144097",
				"ORIGINALLONGTITUD" : "",
				"ORIGINALLATITUDE" : "39.976527778",
				"POSITION" : "116.49547336154514,39.97777642144097",
				"COMPANYNAME" : "",
				"LOCATETIME" : "2012-12-10 15:57:17",
				"ISATTENTION" : "0",
				"SIMNUMBER" : "524178"
			}, {
				"LOCATEID" : "159",
				"ADDRESS" : "\"北京市朝阳区;酒仙桥路-酒仙桥中路交叉路口;北京三峡招商大厦,恒通广厦(西门)附近\"",
				"LONGTITUDE" : "116.49547336154514",
				"LATITUDE" : "39.97777642144097",
				"ORIGINALLONGTITUD" : "",
				"ORIGINALLATITUDE" : "39.976527778",
				"POSITION" : "116.49547336154514,39.97777642144097",
				"COMPANYNAME" : "",
				"LOCATETIME" : "2012-12-10 15:57:17",
				"ISATTENTION" : "0",
				"SIMNUMBER" : "524178"
			}, {
				"LOCATEID" : "159",
				"ADDRESS" : "\"北京市朝阳区;酒仙桥路-酒仙桥中路交叉路口;北京三峡招商大厦,恒通广厦(西门)附近\"",
				"LONGTITUDE" : "116.49547336154514",
				"LATITUDE" : "39.97777642144097",
				"ORIGINALLONGTITUD" : "",
				"ORIGINALLATITUDE" : "39.976527778",
				"POSITION" : "116.49547336154514,39.97777642144097",
				"COMPANYNAME" : "",
				"LOCATETIME" : "2012-12-10 15:57:17",
				"ISATTENTION" : "0",
				"SIMNUMBER" : "524178"
			}, {
				"LOCATEID" : "159",
				"ADDRESS" : "\"北京市朝阳区;酒仙桥路-酒仙桥中路交叉路口;北京三峡招商大厦,恒通广厦(西门)附近\"",
				"LONGTITUDE" : "116.49547336154514",
				"LATITUDE" : "39.97777642144097",
				"ORIGINALLONGTITUD" : "",
				"ORIGINALLATITUDE" : "39.976527778",
				"POSITION" : "116.49547336154514,39.97777642144097",
				"COMPANYNAME" : "",
				"LOCATETIME" : "2012-12-10 15:57:17",
				"ISATTENTION" : "0",
				"SIMNUMBER" : "524178"
			}, {
				"LOCATEID" : "109",
				"ADDRESS" : "\"黑龙江省哈尔滨市香坊区;保健路-哈平路辅路交叉路口;小平房,远大都市绿洲附近\"",
				"LONGTITUDE" : "126.6474490017361",
				"LATITUDE" : "45.70294297960069",
				"ORIGINALLONGTITUD" : "",
				"ORIGINALLATITUDE" : "45.7009811",
				"POSITION" : "126.6474490017361,45.70294297960069",
				"COMPANYNAME" : "",
				"LOCATETIME" : "2012-12-04 15:49:51",
				"ISATTENTION" : "0",
				"SIMNUMBER" : "100046"
			}]
}