{
"totalCount":4,
"items":[
{"isAttention":"1","position":"116.32734212239583,39.96397135416667","DPNAME":"产品部","BINDPHONE":"15901397768","LOCATEID":150,"originalLongtitude":"116.321211111","SIMNUMBER":"524177","ORIGINALLATITUDE":"39.962666667","simNumber":"524177","originalLatitude":"39.962666667","ISATTENTION":"1","LATITUDE":"39.96397135416667","isOnline":"0","LONGTITUDE":"116.32734212239583","POSITION":"116.32734212239583,39.96397135416667","ORIGINALLONGTITUDE":"116.321211111","locateId":150,"BINDTYPE":"0","bindPhone":"15901397768","COMPANYNAME":"上海久友科技有限公司","ADDRESS":"\"北京市海淀区;中关村南大街-篱笆房路交叉路口;雅园公寓,萨尔家园附近\"","BINDNAME":"范志玲","companyName":"上海久友科技有限公司","ISONLINE":"0","bindName":"范志玲","locateTime":"2013-04-26 14:40:30","address":"\"北京市海淀区;中关村南大街-篱笆房路交叉路口;雅园公寓,萨尔家园附近\"","LOCATETIME":"2013-04-26 14:40:30","bindType":"0","dpName":"产品部","longtitude":"116.32734212239583","latitude":"39.96397135416667"},
{"isAttention":"1","position":"116.4949050564236,39.977625596788194","LOCATEID":10,"originalLongtitude":"116.488833333","SIMNUMBER":"320331","ORIGINALLATITUDE":"39.976361111","simNumber":"320331","originalLatitude":"39.976361111","LATITUDE":"39.977625596788194","ISATTENTION":"1","isOnline":"0","LONGTITUDE":"116.4949050564236","POSITION":"116.4949050564236,39.977625596788194","ORIGINALLONGTITUDE":"116.488833333","locateId":10,"COMPANYNAME":"上海久友科技有限公司","ADDRESS":"\"北京市朝阳区;酒仙桥路-酒仙桥中路交叉路口;北京三峡招商大厦,乐天玛特附近\"","BINDNAME":"上海久友科技有限公司","companyName":"上海久友科技有限公司","ISONLINE":"0","bindName":"上海久友科技有限公司","locateTime":"2013-01-06 09:42:27","address":"\"北京市朝阳区;酒仙桥路-酒仙桥中路交叉路口;北京三峡招商大厦,乐天玛特附近\"","LOCATETIME":"2013-01-06 09:42:27","longtitude":"116.4949050564236","latitude":"39.977625596788194"},
{"isAttention":"0","position":"116.49564127604167,39.9777281358507","DPNAME":"市场部","BINDPHONE":"15901397768","LOCATEID":151,"originalLongtitude":"116.489583333","SIMNUMBER":"320339","ORIGINALLATITUDE":"39.976472222","simNumber":"320339","originalLatitude":"39.976472222","ISATTENTION":"0","LATITUDE":"39.9777281358507","isOnline":"0","LONGTITUDE":"116.49564127604167","POSITION":"116.49564127604167,39.9777281358507","ORIGINALLONGTITUDE":"116.489583333","locateId":151,"BINDTYPE":"2","bindPhone":"15901397768","COMPANYNAME":"上海久友科技有限公司","ADDRESS":"\"北京市朝阳区;酒仙桥路-酒仙桥中路交叉路口;乐天玛特,恒通广厦(西门)附近\"","BINDNAME":"顺风8号","companyName":"上海久友科技有限公司","ISONLINE":"0","bindName":"顺风8号","locateTime":"2013-01-05 17:33:01","address":"\"北京市朝阳区;酒仙桥路-酒仙桥中路交叉路口;乐天玛特,恒通广厦(西门)附近\"","LOCATETIME":"2013-01-05 17:33:01","bindType":"2","dpName":"市场部","longtitude":"116.49564127604167","latitude":"39.9777281358507"},
{"isAttention":"0","position":"116.49567816840278,39.977681206597225","DPNAME":"市场部","BINDPHONE":"18801168922","LOCATEID":101,"originalLongtitude":"116.489611111","SIMNUMBER":"320338","ORIGINALLATITUDE":"39.976416667","simNumber":"320338","originalLatitude":"39.976416667","ISATTENTION":"0","LATITUDE":"39.977681206597225","isOnline":"0","LONGTITUDE":"116.49567816840278","POSITION":"116.49567816840278,39.977681206597225","ORIGINALLONGTITUDE":"116.489611111","locateId":101,"BINDTYPE":"0","bindPhone":"18801168922","COMPANYNAME":"上海久友科技有限公司","ADDRESS":"\"北京市朝阳区;酒仙桥路-酒仙桥中路交叉路口;乐天玛特,恒通广厦(西门)附近\"","BINDNAME":"李雪","companyName":"上海久友科技有限公司","ISONLINE":"0","bindName":"李雪","locateTime":"2013-01-05 17:32:52","address":"\"北京市朝阳区;酒仙桥路-酒仙桥中路交叉路口;乐天玛特,恒通广厦(西门)附近\"","LOCATETIME":"2013-01-05 17:32:52","bindType":"0","dpName":"市场部","longtitude":"116.49567816840278","latitude":"39.977681206597225"}
]
}