[{
	"baseLayerId" : 42,
	"layerName" : "北京旅游",
	"layerType" : "混合图层",
	"showLevel" : "8",
	"showScope" : "",
	"labelCenterPoint" : "",
	"polymerizeLevel" : "8",
	"polymerizeScope" : "8",
	"layerNote" : "北京旅游",
	"handleStatus" : "0"
}, {
	"baseLayerId" : 43,
	"layerName" : "地铁站",
	"layerType" : "混合图层",
	"showLevel" : "",
	"showScope" : "",
	"labelCenterPoint" : "",
	"polymerizeLevel" : "",
	"polymerizeScope" : "",
	"layerNote" : "地铁站",
	"handleStatus" : "0"
}, {
	"baseLayerId" : 44,
	"layerName" : "公园",
	"layerType" : "混合图层",
	"showLevel" : "",
	"showScope" : "",
	"labelCenterPoint" : "",
	"polymerizeLevel" : "",
	"polymerizeScope" : "",
	"layerNote" : "",
	"handleStatus" : "0"
}]